﻿{"cameraMode":{"drawMode":0,"name":"Shaded","section":"Shading Mode"},"sceneLighting":true,"audioPlay":false,"sceneViewState":{"showFog":true,"showMaterialUpdate":false,"showSkybox":true,"showFlares":true,"showImageEffects":true,"showParticleSystems":true},"in2DMode":false,"pivot":{"x":-1.009796142578125,"y":0.13668280839920045,"z":-0.01683330535888672},"rotation":{"x":-0.0011902705300599337,"y":-0.009003408253192902,"z":-0.000010521928743401077,"w":0.9999654293060303},"size":15.351157188415528,"orthographic":false}